Year,Uncalibrated L58(MVC),Uncalibrated +L7(MVC),Calibrated L58B(MVC),Calibrated L58M(MVC),Calibrated +L7B(MVC),Calibrated +L7M(MVC),Uncalibrated L58(GM),Uncalibrated +L7(GM),Calibrated L58B(GM),Calibrated L58M(GM),Calibrated +L7B(GM),Calibrated +L7M(GM)
1984,0.558,0.558,0.5949,0.5868,0.5949,0.5868,0.4942,0.4942,0.5256,0.5225,0.5256,0.5225
1986,0.5455,0.5455,0.5854,0.576,0.5854,0.576,0.4734,0.4734,0.5073,0.5057,0.5073,0.5057
1988,0.5685,0.5685,0.6084,0.5998,0.6084,0.5998,0.4881,0.4881,0.5225,0.52,0.5225,0.52
1990,0.5774,0.5774,0.6187,0.6097,0.6187,0.6097,0.5011,0.5011,0.5388,0.5356,0.5388,0.5356
1992,0.5516,0.5516,0.5905,0.5836,0.5905,0.5836,0.4929,0.4929,0.5278,0.5252,0.5278,0.5252
1994,0.5646,0.5646,0.6086,0.5991,0.6086,0.5991,0.4882,0.4882,0.5257,0.5231,0.5257,0.5231
1996,0.5718,0.5718,0.6153,0.6057,0.6153,0.6057,0.506,0.506,0.545,0.5415,0.545,0.5415
1998,0.565,0.5914,0.6068,0.598,0.616,0.6093,0.498,0.5213,0.5354,0.5325,0.551,0.5483
2000,0.5707,0.6269,0.607,0.6006,0.6345,0.6305,0.5633,0.5684,0.5993,0.5927,0.5731,0.5724
2002,0.6113,0.6489,0.6516,0.6409,0.6679,0.6609,0.5444,0.5575,0.5812,0.5756,0.5795,0.5763
2004,0.6116,0.632,0.6539,0.642,0.6613,0.651,0.5344,0.541,0.571,0.566,0.5637,0.5608
2006,0.5995,0.6303,0.6413,0.6298,0.6559,0.6464,0.5374,0.5425,0.5745,0.5694,0.5652,0.5623
2008,0.6303,0.6606,0.6714,0.6594,0.6824,0.6736,0.5642,0.5748,0.601,0.5943,0.5975,0.5936
2010,0.5805,0.6446,0.6232,0.6104,0.6629,0.6548,0.507,0.5387,0.543,0.5396,0.5611,0.5586
2013,0.671,0.6811,0.6502,0.6326,0.6703,0.6602,0.5926,0.5798,0.5613,0.5553,0.5603,0.556
2015,0.6858,0.6964,0.6659,0.6472,0.6874,0.6761,0.6145,0.6043,0.5845,0.5771,0.5877,0.583
2017,0.6687,0.6829,0.6506,0.6307,0.6711,0.6588,0.595,0.5868,0.5645,0.5581,0.5678,0.5636
2019,0.6944,0.7012,0.6728,0.656,0.6894,0.6785,0.6314,0.6172,0.6014,0.5936,0.5981,0.5926
2021,0.6727,0.6881,0.6529,0.6341,0.68,0.6703,0.606,0.5959,0.5753,0.5685,0.5787,0.5738
2023,0.6812,0.6882,0.6556,0.6423,0.6698,0.6608,0.6139,0.605,0.5837,0.5765,0.5811,0.5752
